{
  "users": [
    {
      "id": 1760941508573,
      "email": "info@der-automat.com",
      "name": "Martin",
      "password_hash": "$2a$12$Bm2ZIquhIfOajqXEO69Hj.qJMzcdOOerrpjdinaQen4wueyhtQEnG",
      "created_at": "2025-10-20T06:25:08.573Z",
      "email_verified": true
    },
    {
      "id": 1760948333009,
      "email": "preview.tester.1760948332405@example.com",
      "name": "Preview Tester",
      "password_hash": "$2a$12$U65gx11.7wOqLVg5fpvqFeP0erHvla4RrYe5SiKWlMTmNxzV3862e",
      "created_at": "2025-10-20T08:18:53.008Z",
      "email_verified": false
    },
    {
      "id": 1760948477705,
      "email": "martin@der-automat.com",
      "name": "MartinG",
      "password_hash": "$2a$12$5rlVROyJKQcGB6Sw248E1O0WalSWabLvpbhPDS40i4Untjw6m/4fe",
      "created_at": "2025-10-20T08:21:17.705Z",
      "email_verified": false
    }
  ],
  "cloud_configs": [],
  "invites": [],
  "verifications": [
    {
      "id": 1760948333010,
      "user_id": 1760948333009,
      "token": "26bdaa621c3553d322c385f35aa73000eef942c5b19aa8de",
      "created_at": "2025-10-20T08:18:53.010Z",
      "expires_at": null,
      "used_at": null
    },
    {
      "id": 1760948477706,
      "user_id": 1760948477705,
      "token": "5afe7a2f0540eec4b46262b1ed805d862f3834972bdc5089",
      "created_at": "2025-10-20T08:21:17.706Z",
      "expires_at": null,
      "used_at": null
    },
    {
      "id": 1760948515225,
      "user_id": 1760948477705,
      "token": "098a98e432e3c3310f48c83f800bb5e0bd4e5308f406086a",
      "created_at": "2025-10-20T08:21:55.225Z",
      "expires_at": null,
      "used_at": null
    },
    {
      "id": 1760950378317,
      "user_id": 1760948477705,
      "token": "e7225507f351a591635c464b090c19cdbf906381d4258a79",
      "created_at": "2025-10-20T08:52:58.317Z",
      "expires_at": null,
      "used_at": null
    },
    {
      "id": 1760951003852,
      "user_id": 1760941508573,
      "token": "b214ccf7abba24c2be5e1deeb89d31ba6d0861abcea88dfa",
      "created_at": "2025-10-20T09:03:23.852Z",
      "expires_at": null,
      "used_at": null
    },
    {
      "id": 1760951082303,
      "user_id": 1760941508573,
      "token": "9c9fc95808cb6b4df5e790d1d7077db8713db09576b62e76",
      "created_at": "2025-10-20T09:04:42.303Z",
      "expires_at": null,
      "used_at": null
    },
    {
      "id": 1760951369454,
      "user_id": 1760941508573,
      "token": "d3ba42bbdf6788a01bd3605faf79ec93224ddb2b3a86dcea",
      "created_at": "2025-10-20T09:09:29.454Z",
      "expires_at": null,
      "used_at": null
    },
    {
      "id": 1760951601194,
      "user_id": 1760941508573,
      "token": "98fa53d200b0a4bca74f88aaf1508616203393e13fb7f870",
      "created_at": "2025-10-20T09:13:21.194Z",
      "expires_at": null,
      "used_at": null
    },
    {
      "id": 1760951744954,
      "user_id": 1760941508573,
      "token": "512d2618c9e512b854da17f11efc9cee9bfc64a8a2960719",
      "created_at": "2025-10-20T09:15:44.954Z",
      "expires_at": null,
      "used_at": null
    },
    {
      "id": 1760952150630,
      "user_id": 1760941508573,
      "token": "3b19cdd8c2eeefed52ccdc281b468a4a9caf8710a242eddd",
      "created_at": "2025-10-20T09:22:30.630Z",
      "expires_at": null,
      "used_at": "2025-10-20T09:29:00.590Z"
    }
  ]
}